PDI_max_wmo,PDI_max_usa
230400000.0,230400000.0
,
,
,
,
450000000.0,450000000.0
,
,
,
,
56250000.0,56250000.0
,
,
97200000.0,97200000.0
,
450000000.0,450000000.0
,
154350000.0,154350000.0
,
154350000.0,154350000.0
230400000.0,230400000.0
,
,
,
,
328049984.0,328049984.0
,
,
,
,
,
,
,
988649984.0,988649984.0
,
,
450000000.0,450000000.0
328049984.0,328049984.0
,
,
,
154350000.0,154350000.0
,
,
328049984.0,328049984.0
,
154350000.0,154350000.0
,
,
591733760.0,591733760.0
,
,
,
328049984.0,328049984.0
,
,
97200000.0,97200000.0
,
,
,
,
328049984.0,328049984.0
,
97200000.0,97200000.0
,
598950016.0,598950016.0
,
,
,
988649984.0,988649984.0
,
154350000.0,154350000.0
53571432.0,53571432.0
450000000.0,450000000.0
,
,
154350000.0,154350000.0
,
,
,
,
,
56250000.0,56250000.0
,
,
,
328049984.0,328049984.0
,
,
154350000.0,154350000.0
322085440.0,322085440.0
,
,
,
,
,
,
,
321355104.0,321355104.0
,
230400000.0,230400000.0
,
230400000.0,230400000.0
,
328049984.0,328049984.0
,
,
,
,
328049984.0,328049984.0
,
,
154350000.0,154350000.0
328049984.0,328049984.0
154350000.0,154350000.0
,
598950016.0,598950016.0
,
,
92084208.0,92084208.0
230400000.0,230400000.0
,
,
590010432.0,590010432.0
,
,
,
328049984.0,328049984.0
,
,
323556160.0,323556160.0
,
,
,
97200000.0,97200000.0
,
323676000.0,323676000.0
328049984.0,328049984.0
328049984.0,328049984.0
,
,
,
230400000.0,230400000.0
328049984.0,328049984.0
,
,
,
,
140318176.0,140318176.0
,
,
97200000.0,97200000.0
,
,
,
134217392.0,134217392.0
,
56250000.0,56250000.0
,
,
328049984.0,328049984.0
,
,
328049984.0,328049984.0
,
,
,
154350000.0,154350000.0
97200000.0,97200000.0
,
,
328049984.0,328049984.0
,
328049984.0,328049984.0
328049984.0,328049984.0
328049984.0,328049984.0
154350000.0,154350000.0
,
93600000.0,93600000.0
56250000.0,56250000.0
97200000.0,97200000.0
56250000.0,56250000.0
,
154350000.0,154350000.0
,
,
,
154350000.0,154350000.0
,
,
,
56250000.0,56250000.0
,
,
154350000.0,154350000.0
,
,
97200000.0,97200000.0
,
328049984.0,328049984.0
,
,
,
,
,
,
,
321070208.0,321070208.0
,
,
328049984.0,328049984.0
328049984.0,328049984.0
,
,
154350000.0,154350000.0
,
,
328049984.0,328049984.0
777600000.0,777600000.0
,
,
97200000.0,97200000.0
148633344.0,148633344.0
,
328049984.0,328049984.0
,
,
,
154350000.0,154350000.0
,
,
,
,
328049984.0,328049984.0
,
,
328049984.0,328049984.0
,
,
,
598950016.0,598950016.0
,
,
328049984.0,328049984.0
,
151733904.0,151733904.0
328049984.0,328049984.0
,
328049984.0,328049984.0
,
,
328049984.0,328049984.0
320760000.0,320760000.0
154350000.0,154350000.0
,
97200000.0,97200000.0
442105248.0,442105248.0
154350000.0,154350000.0
,
328049984.0,328049984.0
,
314928000.0,314928000.0
,
,
,
,
,
328049984.0,328049984.0
598950016.0,598950016.0
97200000.0,97200000.0
,
598950016.0,598950016.0
230400000.0,230400000.0
,
450000000.0,450000000.0
,
154350000.0,154350000.0
314381248.0,314381248.0
328049984.0,328049984.0
,
154350000.0,154350000.0
,
,
,
55078124.0,55078124.0
56250000.0,56250000.0
445263168.0,445263168.0
,
446218464.0,446218464.0
,
328049984.0,328049984.0
,
151065952.0,151065952.0
,
,
,
152396208.0,152396208.0
,
,
154350000.0,154350000.0
,
53437500.0,53437500.0
328049984.0,328049984.0
,
,
,
154350000.0,154350000.0
,
154350000.0,154350000.0
,
148413472.0,148413472.0
26584616.0,26584616.0
,
450000000.0,450000000.0
,
,
154350000.0,154350000.0
53804348.0,53804348.0
446218464.0,446218464.0
,
,
54166668.0,54166668.0
154350000.0,154350000.0
,
,
,
230400000.0,230400000.0
56250000.0,56250000.0
,
56250000.0,56250000.0
,
230400000.0,230400000.0
328049984.0,328049984.0
154350000.0,154350000.0
,
154350000.0,154350000.0
450000000.0,450000000.0
,
54545456.0,54545456.0
,
328049984.0,328049984.0
154350000.0,154350000.0
,
,
,
,
,
,
230400000.0,230400000.0
444705856.0,444705856.0
,
56250000.0,56250000.0
,
,
328049984.0,328049984.0
446280992.0,446280992.0
,
97200000.0,97200000.0
,
,
,
149526560.0,149526560.0
154350000.0,154350000.0
447096768.0,447096768.0
56250000.0,56250000.0
,
56250000.0,56250000.0
56250000.0,56250000.0
,
56250000.0,56250000.0
28800000.0,28800000.0
,
154350000.0,154350000.0
230400000.0,230400000.0
,
328049984.0,328049984.0
321741344.0,321741344.0
,
,
328049984.0,328049984.0
,
,
777600000.0,777600000.0
,
154350000.0,154350000.0
154350000.0,154350000.0
450000000.0,450000000.0
,
,
324736384.0,324736384.0
,
,
,
97200000.0,97200000.0
,
154350000.0,154350000.0
450000000.0,450000000.0
,
,
322489824.0,322489824.0
,
587649024.0,587649024.0
,
,
,
54807692.0,54807692.0
,
55357144.0,55357144.0
,
154350000.0,154350000.0
,
328049984.0,328049984.0
,
28800000.0,28800000.0
977286208.0,977286208.0
,
230400000.0,230400000.0
325545792.0,325545792.0
230400000.0,230400000.0
,
230400000.0,230400000.0
147918752.0,147918752.0
,
,
777600000.0,777600000.0
,
151065952.0,151065952.0
230400000.0,230400000.0
,
,
91800000.0,91800000.0
,
54166668.0,54166668.0
,
230400000.0,230400000.0
28800000.0,28800000.0
154350000.0,154350000.0
,
,
323676000.0,323676000.0
,
,
323153728.0,323153728.0
,
97200000.0,97200000.0
,
,
,
,
,
,
,
,
154350000.0,154350000.0
593019776.0,593019776.0
,
54729728.0,54729728.0
52232144.0,52232144.0
,
154350000.0,154350000.0
770718592.0,770718592.0
,
,
,
230400000.0,230400000.0
598950016.0,598950016.0
,
591171456.0,591171456.0
,
,
,
154350000.0,154350000.0
,
,
154350000.0,154350000.0
450000000.0,450000000.0
227922576.0,227922576.0
,
,
,
328049984.0,328049984.0
230400000.0,230400000.0
328049984.0,328049984.0
53804348.0,53804348.0
228585824.0,153134640.0
230400000.0,230400000.0
154350000.0,154350000.0
230400000.0,230400000.0
,
230400000.0,230400000.0
,
94422856.0,94422856.0
,
,
272463904.0,272463904.0
271969632.0,271969632.0
276356256.0,276356256.0
187610288.0,187610288.0
,
975810432.0,975810432.0
520931264.0,520931264.0
450000000.0,450000000.0
,
276356256.0,276356256.0
276356256.0,276356256.0
515206720.0,515206720.0
,
41006248.0,41006248.0
97200000.0,97200000.0
97200000.0,97200000.0
56250000.0,56250000.0
18823170.0,18823170.0
276356256.0,276356256.0
56250000.0,56250000.0
,
,
598950016.0,598950016.0
520931264.0,520931264.0
328049984.0,328049984.0
,
,
273319360.0,273319360.0
154350000.0,154350000.0
,
,
,
,
,
,
97200000.0,97200000.0
56250000.0,56250000.0
,
188000608.0,188000608.0
189843744.0,189843744.0
,
328049984.0,328049984.0
152046272.0,152046272.0
,
,
,
154350000.0,154350000.0
,
154350000.0,154350000.0
56250000.0,56250000.0
154350000.0,154350000.0
,
52941176.0,52941176.0
584689280.0,584689280.0
,
598950016.0,598950016.0
,
56250000.0,56250000.0
,
149672736.0,149672736.0
,
,
364384384.0,364384384.0
,
,
56250000.0,56250000.0
276356256.0,276356256.0
,
154350000.0,154350000.0
,
123581248.0,123581248.0
,
154350000.0,154350000.0
328049984.0,328049984.0
,
154350000.0,154350000.0
,
56250000.0,56250000.0
379279456.0,379279456.0
,
,
97200000.0,97200000.0
54000000.0,54000000.0
,
,
56250000.0,56250000.0
,
55572288.0,55572288.0
520931264.0,520931264.0
,
,
230400000.0,230400000.0
225280000.0,225280000.0
598950016.0,598950016.0
123581248.0,123581248.0
,
276356256.0,276356256.0
276356256.0,276356256.0
,
276356256.0,276356256.0
,
,
,
40133776.0,40133776.0
74868752.0,74868752.0
189843744.0,189843744.0
,
,
,
56250000.0,56250000.0
,
40355356.0,40355356.0
,
123581248.0,123581248.0
276356256.0,276356256.0
55457744.0,55457744.0
,
276356256.0,276356256.0
,
,
56250000.0,56250000.0
276356256.0,276356256.0
230400000.0,230400000.0
40394216.0,40394216.0
,
,
121790224.0,121790224.0
276356256.0,276356256.0
450000000.0,450000000.0
520931264.0,520931264.0
,
517387520.0,517387520.0
276356256.0,276356256.0
276356256.0,276356256.0
,
,
271672256.0,271672256.0
,
,
,
517774112.0,517774112.0
663654592.0,663654592.0
,
,
54166668.0,54166668.0
97200000.0,97200000.0
19293750.0,19293750.0
56250000.0,56250000.0
450000000.0,450000000.0
,
,
509355008.0,509355008.0
520931264.0,520931264.0
684393728.0,684393728.0
385818752.0,385818752.0
,
,
,
,
52500000.0,52500000.0
385818752.0,385818752.0
,
,
,
,
56250000.0,56250000.0
,
18865000.0,18865000.0
328049984.0,328049984.0
18671370.0,18671370.0
,
,
272104608.0,272104608.0
445544544.0,445544544.0
276356256.0,276356256.0
590010432.0,590010432.0
,
,
272767200.0,272767200.0
,
276356256.0,276356256.0
,
56250000.0,56250000.0
276356256.0,276356256.0
,
183297408.0,183297408.0
,
90720000.0,90720000.0
28800000.0,28800000.0
,
152880000.0,152880000.0
73783696.0,73783696.0
,
144060000.0,144060000.0
184090912.0,184090912.0
,
154350000.0,154350000.0
385818752.0,385818752.0
55631868.0,55631868.0
,
55479452.0,55479452.0
,
677189568.0,677189568.0
41006248.0,41006248.0
,
97200000.0,97200000.0
28800000.0,28800000.0
,
56250000.0,56250000.0
,
19293750.0,19293750.0
263794592.0,263794592.0
984890880.0,984890880.0
328049984.0,328049984.0
520931264.0,520931264.0
55102040.0,55102040.0
28800000.0,28800000.0
28800000.0,28800000.0
385818752.0,385818752.0
74868752.0,74868752.0
873378496.0,873378496.0
520931264.0,520931264.0
276356256.0,276356256.0
41006248.0,41006248.0
97200000.0,97200000.0
28800000.0,28800000.0
41006248.0,41006248.0
19293750.0,19293750.0
95904000.0,95904000.0
150491248.0,150491248.0
227011760.0,227011760.0
41006248.0,41006248.0
154350000.0,154350000.0
328049984.0,328049984.0
152534112.0,152534112.0
56250000.0,56250000.0
41006248.0,41006248.0
97200000.0,97200000.0
56250000.0,56250000.0
154350000.0,154350000.0
54941860.0,54941860.0
154350000.0,154350000.0
276356256.0,276356256.0
328049984.0,328049984.0
97200000.0,97200000.0
154350000.0,154350000.0
520931264.0,520931264.0
222967728.0,222967728.0
270476320.0,270476320.0
56250000.0,56250000.0
385818752.0,385818752.0
276356256.0,276356256.0
97200000.0,97200000.0
56250000.0,56250000.0
154350000.0,154350000.0
154350000.0,154350000.0
186830352.0,186830352.0
154350000.0,154350000.0
150392304.0,150392304.0
41006248.0,41006248.0
41006248.0,41006248.0
56250000.0,56250000.0
56250000.0,56250000.0
40232548.0,40232548.0
520931264.0,520931264.0
40232548.0,40232548.0
40202208.0,40202208.0
323789632.0,323789632.0
97200000.0,97200000.0
684393728.0,684393728.0
228526832.0,228526832.0
514943520.0,514943520.0
97200000.0,97200000.0
516763808.0,516763808.0
41006248.0,41006248.0
41006248.0,41006248.0
154350000.0,154350000.0
73400736.0,73400736.0
28130232.0,28130232.0
39223368.0,39223368.0
41006248.0,41006248.0
28800000.0,28800000.0
276356256.0,276356256.0
121486656.0,121486656.0
152490352.0,152490352.0
55053192.0,55053192.0
39487500.0,39487500.0
520931264.0,520931264.0
97200000.0,97200000.0
385818752.0,385818752.0
328049984.0,328049984.0
19293750.0,19293750.0
28800000.0,28800000.0
269615840.0,269615840.0
39800184.0,39800184.0
443835616.0,443835616.0
28800000.0,28800000.0
520931264.0,520931264.0
41006248.0,41006248.0
41006248.0,41006248.0
520931264.0,520931264.0
56250000.0,56250000.0
520931264.0,520931264.0
328049984.0,328049984.0
28800000.0,28800000.0
28800000.0,28800000.0
381279712.0,381279712.0
276356256.0,276356256.0
988649984.0,988649984.0
56250000.0,56250000.0
151200000.0,151200000.0
272231520.0,272231520.0
276356256.0,276356256.0
74868752.0,74868752.0
41006248.0,41006248.0
96000000.0,96000000.0
41006248.0,41006248.0
41006248.0,41006248.0
224492320.0,224492320.0
230400000.0,230400000.0
276356256.0,276356256.0
450000000.0,450000000.0
121619648.0,121619648.0
28800000.0,28800000.0
97200000.0,97200000.0
185213408.0,185213408.0
121790224.0,121790224.0
123581248.0,123581248.0
94422856.0,94422856.0
123581248.0,123581248.0
872927296.0,872927296.0
520931264.0,520931264.0
270937504.0,270937504.0
56250000.0,56250000.0
878906240.0,878906240.0
56250000.0,56250000.0
520931264.0,520931264.0
324801984.0,324801984.0
437837824.0,437837824.0
56250000.0,56250000.0
673530368.0,673530368.0
376408544.0,376408544.0
154350000.0,154350000.0
41006248.0,41006248.0
189843744.0,189843744.0
520931264.0,520931264.0
56250000.0,56250000.0
520931264.0,520931264.0
381170336.0,381170336.0
97200000.0,97200000.0
41006248.0,41006248.0
97200000.0,97200000.0
520931264.0,520931264.0
976738560.0,976738560.0
520931264.0,520931264.0
328049984.0,328049984.0
123581248.0,123581248.0
97200000.0,97200000.0
385818752.0,385818752.0
28800000.0,28800000.0
72287072.0,72287072.0
276356256.0,276356256.0
979900864.0,979900864.0
27648000.0,27648000.0
97200000.0,97200000.0
385818752.0,385818752.0
271507904.0,271507904.0
189843744.0,189843744.0
28800000.0,28800000.0
189843744.0,189843744.0
230400000.0,230400000.0
154350000.0,154350000.0
598950016.0,598950016.0
230400000.0,230400000.0
154350000.0,154350000.0
768231296.0,768231296.0
56250000.0,56250000.0
41006248.0,41006248.0
520931264.0,520931264.0
154350000.0,154350000.0
385818752.0,385818752.0
41006248.0,41006248.0
55188680.0,55188680.0
328049984.0,328049984.0
41006248.0,41006248.0
154350000.0,154350000.0
520931264.0,520931264.0
154350000.0,154350000.0
74868752.0,74868752.0
54941860.0,54941860.0
28800000.0,28800000.0
28800000.0,28800000.0
74868752.0,74868752.0
520931264.0,520931264.0
385818752.0,385818752.0
186392048.0,186392048.0
28800000.0,28800000.0
56250000.0,56250000.0
123581248.0,123581248.0
56250000.0,56250000.0
1354064640.0,1354064640.0
154350000.0,154350000.0
154350000.0,154350000.0
19293750.0,19293750.0
41006248.0,41006248.0
230400000.0,230400000.0
769054912.0,769054912.0
520931264.0,520931264.0
442372896.0,442372896.0
684393728.0,684393728.0
328049984.0,328049984.0
19293750.0,19293750.0
977541568.0,977541568.0
328049984.0,328049984.0
19293750.0,19293750.0
988649984.0,988649984.0
19293750.0,19293750.0
598950016.0,598950016.0
230400000.0,230400000.0
154350000.0,154350000.0
385818752.0,385818752.0
56250000.0,56250000.0
28800000.0,28800000.0
28800000.0,28800000.0
56250000.0,56250000.0
320594336.0,320594336.0
227483552.0,227483552.0
56250000.0,56250000.0
1224595072.0,1224595072.0
97200000.0,97200000.0
230400000.0,230400000.0
230400000.0,230400000.0
1090135424.0,1090135424.0
56250000.0,56250000.0
97200000.0,97200000.0
154350000.0,154350000.0
598950016.0,598950016.0
1107168768.0,1107168768.0
97200000.0,97200000.0
39834644.0,39834644.0
95216320.0,95216320.0
56250000.0,56250000.0
19293750.0,19293750.0
28800000.0,28800000.0
684393728.0,684393728.0
276356256.0,276356256.0
123581248.0,123581248.0
28800000.0,28800000.0
74868752.0,74868752.0
56250000.0,56250000.0
41006248.0,41006248.0
74868752.0,74868752.0
74868752.0,74868752.0
956758016.0,956758016.0
184712832.0,184712832.0
1234800000.0,1234800000.0
97200000.0,97200000.0
121888352.0,121888352.0
74868752.0,74868752.0
72453624.0,72453624.0
878906240.0,878906240.0
28800000.0,28800000.0
97200000.0,97200000.0
56250000.0,56250000.0
97200000.0,97200000.0
1518749952.0,1518749952.0
276356256.0,276356256.0
41006248.0,41006248.0
385818752.0,385818752.0
40623016.0,40623016.0
228072736.0,228072736.0
56250000.0,56250000.0
771173568.0,771173568.0
28800000.0,28800000.0
1224246144.0,1224246144.0
74868752.0,74868752.0
19293750.0,19293750.0
752516096.0,752516096.0
777600000.0,777600000.0
385818752.0,385818752.0
1234800000.0,1234800000.0
123581248.0,123581248.0
598950016.0,598950016.0
28800000.0,28800000.0
230400000.0,230400000.0
154350000.0,154350000.0
56250000.0,56250000.0
274368096.0,274368096.0
230400000.0,230400000.0
184712832.0,184712832.0
19293750.0,19293750.0
154350000.0,154350000.0
39487500.0,39487500.0
313138624.0,313138624.0
41006248.0,41006248.0
56250000.0,56250000.0
54941860.0,54941860.0
276356256.0,276356256.0
28800000.0,28800000.0
450000000.0,450000000.0
56250000.0,56250000.0
684393728.0,684393728.0
1806336000.0,1806336000.0
56250000.0,56250000.0
777600000.0,777600000.0
189843744.0,189843744.0
328049984.0,328049984.0
28800000.0,28800000.0
28130232.0,28130232.0
41006248.0,41006248.0
142476928.0,142476928.0
27105882.0,27105882.0
313138624.0,313138624.0
41006248.0,41006248.0
19293750.0,19293750.0
123581248.0,123581248.0
54000000.0,54000000.0
385818752.0,385818752.0
154350000.0,154350000.0
19293750.0,19293750.0
520931264.0,520931264.0
41006248.0,41006248.0
328049984.0,328049984.0
19293750.0,19293750.0
74868752.0,74868752.0
94707696.0,94707696.0
74868752.0,74868752.0
95904000.0,95904000.0
276356256.0,276356256.0
97200000.0,97200000.0
598950016.0,598950016.0
54941860.0,54941860.0
276356256.0,276356256.0
123581248.0,123581248.0
27284210.0,27284210.0
154350000.0,154350000.0
154350000.0,154350000.0
97200000.0,97200000.0
270215008.0,270215008.0
520931264.0,520931264.0
19293750.0,19293750.0
1223471488.0,1223471488.0
55263156.0,55263156.0
19293750.0,19293750.0
97200000.0,97200000.0
73456128.0,73456128.0
122307224.0,122307224.0
74868752.0,74868752.0
39834644.0,39834644.0
777600000.0,777600000.0
230400000.0,230400000.0
74868752.0,74868752.0
276356256.0,276356256.0
272570528.0,272570528.0
385818752.0,385818752.0
276356256.0,276356256.0
41006248.0,41006248.0
276356256.0,276356256.0
154350000.0,154350000.0
154350000.0,154350000.0
56250000.0,56250000.0
591171456.0,591171456.0
154350000.0,154350000.0
684393728.0,684393728.0
508225600.0,508225600.0
40286840.0,40286840.0
56250000.0,56250000.0
151200000.0,151200000.0
450000000.0,450000000.0
385818752.0,385818752.0
41006248.0,41006248.0
41006248.0,41006248.0
41006248.0,41006248.0
97200000.0,97200000.0
41006248.0,41006248.0
41006248.0,41006248.0
385818752.0,385818752.0
328049984.0,328049984.0
56250000.0,56250000.0
777600000.0,777600000.0
520931264.0,520931264.0
41006248.0,41006248.0
276356256.0,276356256.0
74868752.0,74868752.0
97200000.0,97200000.0
385818752.0,385818752.0
28800000.0,28800000.0
154350000.0,154350000.0
74868752.0,74868752.0
150392304.0,150392304.0
520931264.0,520931264.0
56250000.0,56250000.0
1193639936.0,1193639936.0
68062504.0,68062504.0
154350000.0,154350000.0
276356256.0,276356256.0
28800000.0,28800000.0
41006248.0,41006248.0
154350000.0,154350000.0
869845376.0,869845376.0
97200000.0,97200000.0
271507904.0,271507904.0
19293750.0,19293750.0
56250000.0,56250000.0
97200000.0,97200000.0
450000000.0,450000000.0
97200000.0,97200000.0
19293750.0,19293750.0
56250000.0,56250000.0
656267968.0,656267968.0
230400000.0,230400000.0
276356256.0,276356256.0
19293750.0,19293750.0
150920000.0,150920000.0
17150000.0,17150000.0
264841408.0,264841408.0
230400000.0,230400000.0
268887168.0,268887168.0
27428572.0,27428572.0
41006248.0,41006248.0
372514656.0,372514656.0
150178368.0,150178368.0
860206144.0,860206144.0
52941176.0,52941176.0
71749216.0,71749216.0
54310344.0,54310344.0
56250000.0,56250000.0
313361184.0,313361184.0
520931264.0,520931264.0
41006248.0,41006248.0
18709092.0,18709092.0
520931264.0,520931264.0
52941176.0,52941176.0
150585360.0,150585360.0
684393728.0,684393728.0
74868752.0,74868752.0
642915328.0,642915328.0
582156992.0,582156992.0
123581248.0,123581248.0
385818752.0,385818752.0
675505536.0,675505536.0
28800000.0,28800000.0
598950016.0,598950016.0
56250000.0,56250000.0
123581248.0,123581248.0
39366000.0,39366000.0
56250000.0,56250000.0
154350000.0,154350000.0
225882352.0,225882352.0
380934976.0,380934976.0
56250000.0,56250000.0
230400000.0,230400000.0
56250000.0,56250000.0
41006248.0,41006248.0
69877504.0,69877504.0
592900032.0,592900032.0
325197376.0,325197376.0
385818752.0,385818752.0
878906240.0,878906240.0
491990624.0,491990624.0
777600000.0,777600000.0
385818752.0,385818752.0
28800000.0,28800000.0
316737920.0,316737920.0
450000000.0,450000000.0
660793984.0,660793984.0
97200000.0,97200000.0
150392304.0,150392304.0
28800000.0,28800000.0
41006248.0,41006248.0
97200000.0,97200000.0
74868752.0,74868752.0
230400000.0,230400000.0
56250000.0,56250000.0
670135552.0,670135552.0
230400000.0,230400000.0
988649984.0,988649984.0
450000000.0,450000000.0
53289476.0,53289476.0
273673184.0,273673184.0
74868752.0,74868752.0
123581248.0,123581248.0
154350000.0,154350000.0
97200000.0,97200000.0
276356256.0,276356256.0
41006248.0,41006248.0
385818752.0,385818752.0
41006248.0,41006248.0
520931264.0,520931264.0
97200000.0,97200000.0
28800000.0,28800000.0
328049984.0,328049984.0
852272768.0,852272768.0
56250000.0,56250000.0
95294120.0,95294120.0
41006248.0,41006248.0
225280000.0,225280000.0
1210104064.0,1210104064.0
19293750.0,19293750.0
121736752.0,121736752.0
450000000.0,450000000.0
40052616.0,40052616.0
450000000.0,450000000.0
154350000.0,154350000.0
74868752.0,74868752.0
187312496.0,187312496.0
41006248.0,41006248.0
74868752.0,74868752.0
41006248.0,41006248.0
97200000.0,97200000.0
369044032.0,369044032.0
41006248.0,41006248.0
54000000.0,54000000.0
441818176.0,441818176.0
189843744.0,189843744.0
575614272.0,575614272.0
28800000.0,28800000.0
70928288.0,70928288.0
28800000.0,28800000.0
95040000.0,95040000.0
276356256.0,276356256.0
671480640.0,671480640.0
19293750.0,19293750.0
230400000.0,230400000.0
93312000.0,93312000.0
777600000.0,777600000.0
328049984.0,328049984.0
276356256.0,276356256.0
39366000.0,39366000.0
328049984.0,328049984.0
118638000.0,118638000.0
771840000.0,771840000.0
505609760.0,505609760.0
1477702656.0,1477702656.0
41006248.0,41006248.0
74868752.0,74868752.0
375391200.0,375391200.0
28800000.0,28800000.0
54166668.0,54166668.0
189843744.0,189843744.0
520931264.0,520931264.0
97200000.0,97200000.0
56250000.0,56250000.0
56250000.0,56250000.0
228118816.0,228118816.0
28800000.0,28800000.0
74868752.0,74868752.0
276356256.0,276356256.0
28800000.0,28800000.0
121555328.0,121555328.0
582762176.0,582762176.0
74868752.0,74868752.0
777600000.0,777600000.0
18158824.0,18158824.0
74868752.0,74868752.0
189843744.0,189843744.0
56250000.0,56250000.0
74868752.0,74868752.0
70464704.0,70464704.0
97200000.0,97200000.0
777600000.0,777600000.0
684393728.0,684393728.0
368011744.0,368011744.0
189843744.0,189843744.0
55357144.0,55357144.0
988649984.0,988649984.0
377944896.0,377944896.0
268460352.0,268460352.0
97200000.0,97200000.0
73205000.0,73205000.0
97200000.0,97200000.0
184712832.0,184712832.0
121736752.0,121736752.0
185213408.0,185213408.0
97200000.0,97200000.0
50000000.0,50000000.0
97200000.0,97200000.0
123581248.0,123581248.0
74868752.0,74868752.0
677338176.0,677338176.0
520931264.0,520931264.0
27547826.0,27547826.0
186923088.0,186923088.0
55147060.0,55147060.0
151975392.0,151975392.0
97200000.0,97200000.0
189843744.0,189843744.0
826434240.0,826434240.0
28800000.0,28800000.0
450000000.0,450000000.0
56250000.0,56250000.0
317115008.0,317115008.0
684393728.0,684393728.0
871394240.0,871394240.0
228246736.0,228246736.0
1216641152.0,1216641152.0
93312000.0,93312000.0
667701184.0,667701184.0
123581248.0,123581248.0
1371881216.0,1371881216.0
41006248.0,41006248.0
154350000.0,154350000.0
97200000.0,97200000.0
56250000.0,56250000.0
74868752.0,74868752.0
56250000.0,56250000.0
189843744.0,189843744.0
97200000.0,97200000.0
328049984.0,328049984.0
385818752.0,385818752.0
230400000.0,230400000.0
54000000.0,54000000.0
445794400.0,445794400.0
520931264.0,520931264.0
154350000.0,154350000.0
72287072.0,72287072.0
123581248.0,123581248.0
265727168.0,265727168.0
982271616.0,982271616.0
381998752.0,381998752.0
40052616.0,40052616.0
97200000.0,97200000.0
56250000.0,56250000.0
189843744.0,189843744.0
93312000.0,93312000.0
38848028.0,38848028.0
954946048.0,954946048.0
684393728.0,684393728.0
328049984.0,328049984.0
28800000.0,28800000.0
684393728.0,684393728.0
756583744.0,756583744.0
435483872.0,435483872.0
94829264.0,94829264.0
55263156.0,55263156.0
328049984.0,328049984.0
755382848.0,755382848.0
56250000.0,56250000.0
230400000.0,230400000.0
55000000.0,55000000.0
97200000.0,97200000.0
385818752.0,385818752.0
74868752.0,74868752.0
41006248.0,41006248.0
444155840.0,444155840.0
27200000.0,27200000.0
189843744.0,189843744.0
123581248.0,123581248.0
189843744.0,189843744.0
28800000.0,28800000.0
7031250.0,7031250.0
520931264.0,520931264.0
41006248.0,41006248.0
56250000.0,56250000.0
1190168704.0,1190168704.0
27733334.0,27733334.0
12150000.0,12150000.0
19293750.0,19293750.0
189843744.0,189843744.0
74868752.0,74868752.0
74868752.0,74868752.0
7031250.0,7031250.0
,
40202208.0,40202208.0
,
41006248.0,41006248.0
,
,
,
,
,
,
230400000.0,230400000.0
19293750.0,19293750.0
385818752.0,385818752.0
276356256.0,276356256.0
1218552576.0,1218552576.0
12150000.0,12150000.0
28800000.0,28800000.0
41006248.0,41006248.0
12150000.0,12150000.0
118208152.0,118208152.0
,
41006248.0,41006248.0
,
56250000.0,56250000.0
12150000.0,12150000.0
189843744.0,189843744.0
,
121109624.0,121109624.0
154350000.0,154350000.0
94572968.0,94572968.0
7031250.0,7031250.0
189843744.0,189843744.0
7031250.0,7031250.0
12150000.0,12150000.0
73599792.0,73599792.0
97200000.0,97200000.0
189843744.0,189843744.0
12150000.0,12150000.0
12150000.0,12150000.0
56250000.0,56250000.0
12150000.0,12150000.0
272231520.0,272231520.0
12150000.0,12150000.0
7031250.0,7031250.0
7031250.0,7031250.0
7031250.0,7031250.0
7031250.0,7031250.0
97200000.0,97200000.0
12150000.0,12150000.0
12150000.0,12150000.0
189843744.0,189843744.0
1475357184.0,1475357184.0
598950016.0,598950016.0
7031250.0,7031250.0
7031250.0,7031250.0
41006248.0,41006248.0
276356256.0,276356256.0
7031250.0,7031250.0
508816576.0,508816576.0
12150000.0,12150000.0
154350000.0,154350000.0
7031250.0,7031250.0
12150000.0,12150000.0
385818752.0,385818752.0
154350000.0,154350000.0
97200000.0,97200000.0
54310344.0,54310344.0
28800000.0,28800000.0
,7909200.0
230400000.0,230400000.0
230400000.0,230400000.0
97200000.0,97200000.0
230400000.0,230400000.0
230400000.0,230400000.0
123581248.0,123581248.0
72845272.0,72845272.0
12150000.0,12150000.0
777600000.0,777600000.0
12150000.0,12150000.0
7031250.0,7031250.0
152145008.0,152145008.0
12150000.0,12150000.0
94254544.0,94254544.0
12150000.0,12150000.0
28800000.0,28800000.0
7031250.0,7031250.0
569002496.0,569002496.0
95657144.0,95657144.0
28800000.0,28800000.0
7031250.0,7031250.0
28800000.0,28800000.0
7031250.0,7031250.0
189843744.0,189843744.0
276356256.0,276356256.0
276356256.0,276356256.0
12150000.0,12150000.0
97200000.0,97200000.0
74868752.0,74868752.0
7031250.0,7031250.0
7031250.0,7031250.0
189843744.0,189843744.0
7031250.0,7031250.0
189843744.0,189843744.0
7031250.0,7031250.0
74868752.0,74868752.0
74868752.0,74868752.0
7031250.0,7031250.0
12150000.0,12150000.0
230400000.0,230400000.0
1234800000.0,1234800000.0
385818752.0,385818752.0
7031250.0,7031250.0
12150000.0,12150000.0
74868752.0,74868752.0
450000000.0,450000000.0
74868752.0,74868752.0
7031250.0,7031250.0
41006248.0,41006248.0
97200000.0,97200000.0
97200000.0,97200000.0
189843744.0,189843744.0
7031250.0,7031250.0
7031250.0,7031250.0
7031250.0,7031250.0
7031250.0,7031250.0
7031250.0,7031250.0
7031250.0,7031250.0
7031250.0,7031250.0
328049984.0,328049984.0
97200000.0,97200000.0
7031250.0,7031250.0
154350000.0,154350000.0
97200000.0,97200000.0
7031250.0,7031250.0
7031250.0,7031250.0
12150000.0,12150000.0
7031250.0,7031250.0
28800000.0,28800000.0
7031250.0,7031250.0
7031250.0,7031250.0
7031250.0,7031250.0
230400000.0,230400000.0
7031250.0,7031250.0
28800000.0,28800000.0
12150000.0,12150000.0
230400000.0,230400000.0
97200000.0,97200000.0
97200000.0,97200000.0
12150000.0,12150000.0
450000000.0,450000000.0
7031250.0,7031250.0
154350000.0,154350000.0
7031250.0,7031250.0
97200000.0,97200000.0
12150000.0,12150000.0
7031250.0,7031250.0
74868752.0,74868752.0
12150000.0,12150000.0
12150000.0,12150000.0
41006248.0,41006248.0
56250000.0,56250000.0
74868752.0,74868752.0
12150000.0,12150000.0
450000000.0,450000000.0
988649984.0,988649984.0
12150000.0,12150000.0
41006248.0,41006248.0
97200000.0,97200000.0
385818752.0,385818752.0
7031250.0,7031250.0
12150000.0,12150000.0
123581248.0,123581248.0
41006248.0,41006248.0
7031250.0,7031250.0
7031250.0,7031250.0
12150000.0,12150000.0
97200000.0,97200000.0
7031250.0,7031250.0
189843744.0,189843744.0
7031250.0,7031250.0
12150000.0,12150000.0
450000000.0,450000000.0
385818752.0,385818752.0
12150000.0,12150000.0
12150000.0,12150000.0
7031250.0,7031250.0
12150000.0,12150000.0
598950016.0,598950016.0
328049984.0,328049984.0
777600000.0,777600000.0
7031250.0,7031250.0
7031250.0,7031250.0
12150000.0,12150000.0
41006248.0,41006248.0
7031250.0,7031250.0
12150000.0,12150000.0
7031250.0,7031250.0
97200000.0,97200000.0
41006248.0,41006248.0
12150000.0,12150000.0
12150000.0,12150000.0
7031250.0,7031250.0
7031250.0,7031250.0
41006248.0,41006248.0
520931264.0,520931264.0
41006248.0,41006248.0
230400000.0,230400000.0
328049984.0,328049984.0
450000000.0,450000000.0
7031250.0,7031250.0
7031250.0,7031250.0
28800000.0,28800000.0
12150000.0,12150000.0
7031250.0,7031250.0
12150000.0,12150000.0
328049984.0,328049984.0
12150000.0,12150000.0
12150000.0,12150000.0
123581248.0,123581248.0
7031250.0,7031250.0
12150000.0,12150000.0
7031250.0,7031250.0
12150000.0,12150000.0
1518749952.0,1518749952.0
123581248.0,123581248.0
123581248.0,123581248.0
7031250.0,7031250.0
7031250.0,7031250.0
189843744.0,189843744.0
12150000.0,12150000.0
12150000.0,12150000.0
154350000.0,154350000.0
56250000.0,56250000.0
12150000.0,12150000.0
28800000.0,28800000.0
7031250.0,7031250.0
12150000.0,12150000.0
41006248.0,41006248.0
41006248.0,41006248.0
12150000.0,12150000.0
230400000.0,230400000.0
7031250.0,7031250.0
56250000.0,56250000.0
777600000.0,777600000.0
12150000.0,12150000.0
276356256.0,276356256.0
12150000.0,12150000.0
12150000.0,12150000.0
74868752.0,74868752.0
684393728.0,684393728.0
12150000.0,12150000.0
12150000.0,12150000.0
41006248.0,41006248.0
41006248.0,41006248.0
12150000.0,12150000.0
7031250.0,7031250.0
154350000.0,154350000.0
7031250.0,7031250.0
12150000.0,12150000.0
56250000.0,56250000.0
7031250.0,7031250.0
123581248.0,123581248.0
12150000.0,12150000.0
41006248.0,41006248.0
12150000.0,12150000.0
12150000.0,12150000.0
1518749952.0,1518749952.0
12150000.0,12150000.0
684393728.0,684393728.0
19293750.0,19293750.0
12150000.0,12150000.0
276356256.0,276356256.0
189843744.0,189843744.0
12150000.0,12150000.0
12150000.0,12150000.0
123581248.0,123581248.0
12150000.0,12150000.0
12150000.0,12150000.0
7031250.0,7031250.0
12150000.0,12150000.0
12150000.0,12150000.0
2021456256.0,2021456256.0
12150000.0,12150000.0
276356256.0,276356256.0
154350000.0,154350000.0
12150000.0,12150000.0
154350000.0,154350000.0
123581248.0,123581248.0
56250000.0,56250000.0
450000000.0,450000000.0
97200000.0,97200000.0
328049984.0,328049984.0
7031250.0,7031250.0
276356256.0,276356256.0
12150000.0,12150000.0
189843744.0,189843744.0
12150000.0,12150000.0
7031250.0,7031250.0
56250000.0,56250000.0
12150000.0,12150000.0
12150000.0,12150000.0
97200000.0,97200000.0
12150000.0,12150000.0
12150000.0,12150000.0
56250000.0,56250000.0
154350000.0,154350000.0
12150000.0,12150000.0
12150000.0,12150000.0
230400000.0,230400000.0
450000000.0,450000000.0
328049984.0,328049984.0
12150000.0,12150000.0
684393728.0,684393728.0
520931264.0,520931264.0
12150000.0,12150000.0
41006248.0,41006248.0
189843744.0,189843744.0
97200000.0,97200000.0
189843744.0,189843744.0
97200000.0,97200000.0
97200000.0,97200000.0
12150000.0,12150000.0
74868752.0,74868752.0
684393728.0,684393728.0
12150000.0,12150000.0
97200000.0,97200000.0
12150000.0,12150000.0
12150000.0,12150000.0
440425536.0,440425536.0
147918752.0,147918752.0
123581248.0,123581248.0
74868752.0,74868752.0
12150000.0,12150000.0
12150000.0,12150000.0
12150000.0,12150000.0
12150000.0,12150000.0
56250000.0,56250000.0
41006248.0,41006248.0
19293750.0,19293750.0
56250000.0,56250000.0
12150000.0,12150000.0
673530368.0,673530368.0
74868752.0,74868752.0
74868752.0,74868752.0
41006248.0,41006248.0
123581248.0,123581248.0
56250000.0,56250000.0
328049984.0,328049984.0
12150000.0,12150000.0
230400000.0,230400000.0
12150000.0,12150000.0
154350000.0,154350000.0
97200000.0,97200000.0
123581248.0,123581248.0
189843744.0,189843744.0
227154928.0,227154928.0
589442880.0,589442880.0
12150000.0,12150000.0
12150000.0,12150000.0
74868752.0,74868752.0
864955392.0,864955392.0
56250000.0,56250000.0
97200000.0,97200000.0
186392048.0,186392048.0
512916928.0,512916928.0
12150000.0,12150000.0
41006248.0,41006248.0
184975968.0,184975968.0
12150000.0,12150000.0
12150000.0,12150000.0
153189472.0,153189472.0
12150000.0,12150000.0
12150000.0,12150000.0
56250000.0,56250000.0
328049984.0,328049984.0
189843744.0,189843744.0
12150000.0,12150000.0
123581248.0,123581248.0
28800000.0,28800000.0
12150000.0,12150000.0
41006248.0,41006248.0
12150000.0,12150000.0
12150000.0,12150000.0
41006248.0,41006248.0
12150000.0,12150000.0
41006248.0,41006248.0
12150000.0,12150000.0
588059968.0,588059968.0
123581248.0,123581248.0
12150000.0,12150000.0
7031250.0,7031250.0
19293750.0,19293750.0
41006248.0,41006248.0
12150000.0,12150000.0
12150000.0,12150000.0
12150000.0,12150000.0
41006248.0,41006248.0
123581248.0,123581248.0
74868752.0,74868752.0
12150000.0,12150000.0
56250000.0,56250000.0
145775008.0,145775008.0
1803130368.0,1803130368.0
878906240.0,878906240.0
7031250.0,7031250.0
28800000.0,28800000.0
869352960.0,869352960.0
12150000.0,12150000.0
120241216.0,120241216.0
7031250.0,7031250.0
40260680.0,40260680.0
41006248.0,41006248.0
323556160.0,323556160.0
149027584.0,149027584.0
12150000.0,12150000.0
328049984.0,328049984.0
189843744.0,189843744.0
7031250.0,7031250.0
871128320.0,871128320.0
1204682880.0,1204682880.0
97200000.0,97200000.0
12150000.0,12150000.0
184419648.0,184419648.0
56250000.0,56250000.0
7031250.0,7031250.0
97200000.0,97200000.0
154350000.0,154350000.0
41006248.0,41006248.0
28800000.0,28800000.0
264340768.0,264340768.0
19293750.0,19293750.0
520931264.0,520931264.0
74868752.0,74868752.0
276356256.0,276356256.0
12150000.0,12150000.0
189843744.0,189843744.0
154350000.0,154350000.0
123581248.0,123581248.0
74868752.0,74868752.0
189843744.0,189843744.0
41006248.0,41006248.0
12150000.0,12150000.0
441509440.0,441509440.0
12150000.0,12150000.0
12150000.0,12150000.0
676148032.0,676148032.0
41006248.0,41006248.0
56250000.0,56250000.0
27105882.0,27105882.0
7031250.0,7031250.0
318109088.0,318109088.0
120567072.0,120567072.0
41006248.0,41006248.0
12150000.0,12150000.0
12150000.0,12150000.0
1455468800.0,1455468800.0
385818752.0,385818752.0
385818752.0,385818752.0
72600000.0,72600000.0
12150000.0,12150000.0
74868752.0,74868752.0
189843744.0,189843744.0
19293750.0,19293750.0
19293750.0,19293750.0
52500000.0,52500000.0
28800000.0,28800000.0
450000000.0,450000000.0
41006248.0,41006248.0
154350000.0,154350000.0
276356256.0,276356256.0
123581248.0,123581248.0
12150000.0,12150000.0
74868752.0,74868752.0
10800000.0,10800000.0
56250000.0,56250000.0
154350000.0,154350000.0
12150000.0,12150000.0
97200000.0,97200000.0
56250000.0,56250000.0
12150000.0,12150000.0
12150000.0,12150000.0
12150000.0,12150000.0
385818752.0,385818752.0
184618688.0,184618688.0
121680000.0,121680000.0
92571432.0,92571432.0
97200000.0,97200000.0
28097560.0,28097560.0
261282288.0,261282288.0
11340000.0,11340000.0
777600000.0,777600000.0
92084208.0,92084208.0
385818752.0,385818752.0
382827904.0,382827904.0
19293750.0,19293750.0
41006248.0,41006248.0
988649984.0,988649984.0
12150000.0,12150000.0
450000000.0,450000000.0
123581248.0,123581248.0
961929728.0,961929728.0
56250000.0,56250000.0
441666656.0,441666656.0
74868752.0,74868752.0
189843744.0,189843744.0
41006248.0,41006248.0
445454560.0,445454560.0
184090912.0,184090912.0
151065952.0,151065952.0
878906240.0,878906240.0
517236704.0,517236704.0
28800000.0,28800000.0
777600000.0,777600000.0
450000000.0,450000000.0
96131864.0,96131864.0
41006248.0,41006248.0
446153824.0,446153824.0
123581248.0,123581248.0
41006248.0,41006248.0
28800000.0,28800000.0
123581248.0,123581248.0
28800000.0,28800000.0
12150000.0,12150000.0
152615728.0,152615728.0
598950016.0,598950016.0
28800000.0,28800000.0
28800000.0,28800000.0
41006248.0,41006248.0
445263168.0,445263168.0
92973912.0,92973912.0
328049984.0,328049984.0
276356256.0,276356256.0
74868752.0,74868752.0
1048896704.0,1048896704.0
27733334.0,27733334.0
230400000.0,230400000.0
328049984.0,328049984.0
328049984.0,328049984.0
123581248.0,123581248.0
1653694464.0,1653694464.0
189843744.0,189843744.0
56250000.0,56250000.0
9720000.0,9720000.0
777600000.0,777600000.0
878906240.0,878906240.0
41006248.0,41006248.0
325466944.0,325466944.0
12150000.0,12150000.0
1084102784.0,1084102784.0
988649984.0,988649984.0
51562500.0,51562500.0
12150000.0,12150000.0
12150000.0,12150000.0
360927232.0,360927232.0
267720112.0,267720112.0
19293750.0,19293750.0
1107168768.0,1107168768.0
7031250.0,7031250.0
12150000.0,12150000.0
598950016.0,598950016.0
12150000.0,12150000.0
41006248.0,41006248.0
19293750.0,19293750.0
184975968.0,184975968.0
19293750.0,19293750.0
10414286.0,10414286.0
154350000.0,154350000.0
154350000.0,154350000.0
97200000.0,97200000.0
777600000.0,777600000.0
230400000.0,230400000.0
753299968.0,753299968.0
97200000.0,97200000.0
276356256.0,276356256.0
56250000.0,56250000.0
72845272.0,72845272.0
55733944.0,55733944.0
7031250.0,7031250.0
95131920.0,95131920.0
95657144.0,95657144.0
97200000.0,97200000.0
520931264.0,520931264.0
450000000.0,450000000.0
154350000.0,154350000.0
12150000.0,12150000.0
328049984.0,328049984.0
857469504.0,857469504.0
41006248.0,41006248.0
154350000.0,154350000.0
19293750.0,19293750.0
765636928.0,765636928.0
123581248.0,123581248.0
230400000.0,230400000.0
56250000.0,56250000.0
17882012.0,17882012.0
41006248.0,41006248.0
56250000.0,56250000.0
72949040.0,72949040.0
56250000.0,56250000.0
12150000.0,12150000.0
266120832.0,266120832.0
54310344.0,54310344.0
598950016.0,598950016.0
56250000.0,56250000.0
187686432.0,187686432.0
837835840.0,837835840.0
11510526.0,11510526.0
56250000.0,56250000.0
12150000.0,12150000.0
54807692.0,54807692.0
225041856.0,225041856.0
123581248.0,123581248.0
12150000.0,12150000.0
12150000.0,12150000.0
117076976.0,117076976.0
12150000.0,12150000.0
878906240.0,878906240.0
18454892.0,18454892.0
56250000.0,56250000.0
1359740672.0,1359740672.0
12150000.0,12150000.0
328049984.0,328049984.0
598950016.0,598950016.0
73944448.0,73944448.0
28800000.0,28800000.0
97200000.0,97200000.0
73127616.0,73127616.0
97200000.0,97200000.0
520931264.0,520931264.0
73987936.0,73987936.0
895381184.0,895381184.0
41006248.0,41006248.0
385818752.0,385818752.0
835272640.0,835272640.0
56250000.0,56250000.0
121249528.0,121249528.0
1325638016.0,1325638016.0
12150000.0,12150000.0
501048384.0,501048384.0
878906240.0,878906240.0
123581248.0,123581248.0
27547826.0,27547826.0
41006248.0,41006248.0
41006248.0,41006248.0
90995744.0,90995744.0
17539772.0,17539772.0
121555328.0,121555328.0
961929728.0,961929728.0
1206083712.0,1206083712.0
97200000.0,97200000.0
28800000.0,28800000.0
74868752.0,74868752.0
328049984.0,328049984.0
12150000.0,12150000.0
50000000.0,50000000.0
1446428672.0,1446428672.0
19293750.0,19293750.0
450000000.0,450000000.0
188437488.0,188437488.0
230400000.0,230400000.0
154350000.0,154350000.0
1650732544.0,1650732544.0
12150000.0,12150000.0
149370960.0,149370960.0
41006248.0,41006248.0
38272500.0,38272500.0
28800000.0,28800000.0
123581248.0,123581248.0
1782435072.0,1782435072.0
38848028.0,38848028.0
450000000.0,450000000.0
41006248.0,41006248.0
97200000.0,97200000.0
189843744.0,189843744.0
74868752.0,74868752.0
95868488.0,95868488.0
41006248.0,41006248.0
54545456.0,54545456.0
74868752.0,74868752.0
41006248.0,41006248.0
119319824.0,119319824.0
230400000.0,230400000.0
520931264.0,520931264.0
520931264.0,520931264.0
189843744.0,189843744.0
123581248.0,123581248.0
55000000.0,55000000.0
97200000.0,97200000.0
1480781312.0,1480781312.0
54807692.0,54807692.0
1460336640.0,1460336640.0
54166668.0,54166668.0
28800000.0,28800000.0
218273680.0,218273680.0
12150000.0,12150000.0
19293750.0,19293750.0
123581248.0,123581248.0
148176000.0,148176000.0
19293750.0,19293750.0
41006248.0,41006248.0
184521024.0,184521024.0
55053192.0,55053192.0
28800000.0,28800000.0
598950016.0,598950016.0
74868752.0,74868752.0
256616528.0,256616528.0
74868752.0,74868752.0
90957800.0,90957800.0
1083612032.0,1083612032.0
185804528.0,185804528.0
849112832.0,849112832.0
74868752.0,74868752.0
189843744.0,189843744.0
154350000.0,154350000.0
74868752.0,74868752.0
19293750.0,19293750.0
684393728.0,684393728.0
6490384.5,6490384.5
866168512.0,866168512.0
12150000.0,12150000.0
19293750.0,19293750.0
676527168.0,676527168.0
51923076.0,51923076.0
56250000.0,56250000.0
39053572.0,39053572.0
520931264.0,520931264.0
12150000.0,12150000.0
74868752.0,74868752.0
41006248.0,41006248.0
328049984.0,328049984.0
379279456.0,379279456.0
11621739.0,11621739.0
26012902.0,26012902.0
56250000.0,56250000.0
12150000.0,12150000.0
684393728.0,684393728.0
870535744.0,870535744.0
74868752.0,74868752.0
19293750.0,19293750.0
93461544.0,93461544.0
1107168768.0,1107168768.0
777600000.0,777600000.0
567426304.0,567426304.0
189843744.0,189843744.0
54166668.0,54166668.0
28800000.0,28800000.0
189843744.0,189843744.0
328049984.0,328049984.0
271331584.0,271331584.0
270937504.0,270937504.0
123581248.0,123581248.0
71613584.0,71613584.0
97200000.0,97200000.0
97200000.0,97200000.0
39366000.0,39366000.0
41006248.0,41006248.0
74868752.0,74868752.0
28800000.0,28800000.0
69877504.0,69877504.0
487104576.0,487104576.0
12150000.0,12150000.0
28800000.0,28800000.0
777600000.0,777600000.0
28800000.0,28800000.0
54807692.0,54807692.0
152762032.0,152762032.0
120707264.0,120707264.0
770838272.0,770838272.0
230400000.0,230400000.0
442372896.0,442372896.0
74868752.0,74868752.0
56250000.0,56250000.0
94064512.0,94064512.0
189843744.0,189843744.0
74868752.0,74868752.0
264999136.0,264999136.0
56250000.0,56250000.0
28800000.0,28800000.0
377944896.0,377944896.0
152725264.0,152725264.0
19293750.0,19293750.0
154350000.0,154350000.0
328049984.0,328049984.0
450000000.0,450000000.0
230400000.0,230400000.0
41006248.0,41006248.0
28800000.0,28800000.0
230400000.0,230400000.0
433333344.0,433333344.0
41006248.0,41006248.0
146226320.0,146226320.0
71874000.0,71874000.0
27428572.0,27428572.0
74868752.0,74868752.0
56250000.0,56250000.0
28800000.0,28800000.0
51136364.0,51136364.0
74868752.0,74868752.0
12150000.0,12150000.0
230400000.0,230400000.0
185213408.0,185213408.0
41006248.0,41006248.0
74868752.0,74868752.0
41006248.0,41006248.0
74868752.0,74868752.0
74868752.0,74868752.0
270215008.0,270215008.0
12150000.0,12150000.0
152653840.0,152653840.0
189843744.0,189843744.0
37278408.0,37278408.0
520931264.0,520931264.0
148176000.0,148176000.0
830078144.0,830078144.0
19022006.0,19022006.0
55188680.0,55188680.0
54878048.0,54878048.0
41006248.0,41006248.0
598950016.0,598950016.0
41006248.0,41006248.0
189843744.0,189843744.0
56250000.0,56250000.0
41006248.0,41006248.0
12150000.0,12150000.0
41006248.0,41006248.0
1099636992.0,1099636992.0
189843744.0,189843744.0
187500000.0,187500000.0
28535780.0,28535780.0
54166668.0,54166668.0
27428572.0,27428572.0
179296880.0,179296880.0
41006248.0,41006248.0
520931264.0,520931264.0
12150000.0,12150000.0
150920000.0,150920000.0
74868752.0,74868752.0
97200000.0,97200000.0
41006248.0,41006248.0
41006248.0,41006248.0
1357129856.0,1357129856.0
777600000.0,777600000.0
437500000.0,437500000.0
74868752.0,74868752.0
38077232.0,38077232.0
54729728.0,54729728.0
7031250.0,7031250.0
41006248.0,41006248.0
53289476.0,53289476.0
177978512.0,177978512.0
385818752.0,385818752.0
674616704.0,674616704.0
28800000.0,28800000.0
1593330176.0,1593330176.0
1107168768.0,1107168768.0
328049984.0,328049984.0
450000000.0,450000000.0
1495384704.0,1495384704.0
226622960.0,226622960.0
445054944.0,445054944.0
17539772.0,17539772.0
56250000.0,56250000.0
74868752.0,74868752.0
154350000.0,154350000.0
328049984.0,328049984.0
41006248.0,41006248.0
28800000.0,28800000.0
982271616.0,982271616.0
90418600.0,90418600.0
123581248.0,123581248.0
385818752.0,385818752.0
41006248.0,41006248.0
73456128.0,73456128.0
12150000.0,12150000.0
230400000.0,230400000.0
1217884928.0,1217884928.0
74868752.0,74868752.0
385818752.0,385818752.0
19293750.0,19293750.0
123581248.0,123581248.0
12150000.0,12150000.0
19293750.0,19293750.0
1759418112.0,1759418112.0
19293750.0,19293750.0
74868752.0,74868752.0
38272500.0,38272500.0
598950016.0,598950016.0
328049984.0,328049984.0
26584616.0,26584616.0
27547826.0,27547826.0
1234800000.0,1234800000.0
74868752.0,74868752.0
12150000.0,12150000.0
56250000.0,56250000.0
154350000.0,154350000.0
41006248.0,41006248.0
154350000.0,154350000.0
97200000.0,97200000.0
74868752.0,74868752.0
37278408.0,37278408.0
54941860.0,54941860.0
28800000.0,28800000.0
28800000.0,28800000.0
55147060.0,55147060.0
73127616.0,73127616.0
216000000.0,216000000.0
219766160.0,219766160.0
12150000.0,12150000.0
28800000.0,28800000.0
41006248.0,41006248.0
937949952.0,937949952.0
123581248.0,123581248.0
19293750.0,19293750.0
123581248.0,123581248.0
28800000.0,28800000.0
326153760.0,326153760.0
777600000.0,777600000.0
378539136.0,378539136.0
41006248.0,41006248.0
94572968.0,94572968.0
19293750.0,19293750.0
73716928.0,73716928.0
120241216.0,120241216.0
750786176.0,750786176.0
450000000.0,450000000.0
440000000.0,440000000.0
961439488.0,961439488.0
97200000.0,97200000.0
1084573440.0,1084573440.0
56250000.0,56250000.0
74868752.0,74868752.0
28130232.0,28130232.0
26181818.0,26181818.0
182634496.0,182634496.0
73127616.0,73127616.0
491163744.0,491163744.0
120491720.0,120491720.0
962632896.0,962632896.0
28800000.0,28800000.0
56250000.0,56250000.0
592220224.0,592220224.0
52941176.0,52941176.0
120412504.0,120412504.0
74868752.0,74868752.0
56250000.0,56250000.0
41006248.0,41006248.0
1107168768.0,1107168768.0
28800000.0,28800000.0
74868752.0,74868752.0
97200000.0,97200000.0
97200000.0,97200000.0
450000000.0,450000000.0
17150000.0,17150000.0
12150000.0,12150000.0
189843744.0,189843744.0
385818752.0,385818752.0
736673664.0,736673664.0
74868752.0,74868752.0
1150224640.0,1150224640.0
19293750.0,19293750.0
12150000.0,12150000.0
12150000.0,12150000.0
173571424.0,173571424.0
56250000.0,56250000.0
225280000.0,225280000.0
189843744.0,189843744.0
112835056.0,112835056.0
,19293750.0
,95040000.0
,56250000.0
,123581248.0
,56250000.0
,41006248.0
,982800000.0
,56250000.0
,677749184.0
,74868752.0
,56250000.0
,1359059968.0
,230400000.0
,276356256.0
,93600000.0
,55724300.0
,41006248.0
,28800000.0
,382144288.0
,6250000.0
,12150000.0
